{
  "version": "v4",
  "repo": "borisyankov/DefinitelyTyped",
  "ref": "master",
  "path": "typings",
  "bundle": "typings/tsd.d.ts",
  "installed": {
    "node/node.d.ts": {
      "commit": "e5a27ea95e47b95333784f1f0d590127b4e39a89"
    },
    "es6-shim/es6-shim.d.ts": {
      "commit": "4910a7c52a1cf335877ea3b0917eb65117a66637"
    },
    "commander/commander.d.ts": {
      "commit": "4910a7c52a1cf335877ea3b0917eb65117a66637"
    },
    "form-data/form-data.d.ts": {
      "commit": "e5a27ea95e47b95333784f1f0d590127b4e39a89"
    },
    "colors/colors.d.ts": {
      "commit": "78d36dd49b6b55b9fdfe61776a12bf05c8b07777"
    },
    "request/request.d.ts": {
      "commit": "e5a27ea95e47b95333784f1f0d590127b4e39a89"
    }
  }
}
